qid,points,question,qstn_media,answer,ans_media,set_num,set_name,round
1,10,What's my name of 10?,,Sheila,,1,set1,1
2,20,What's my name of 20?,,Sheila,,1,set1,1
3,30,What's my name of 30?,,Sheila,,1,set1,1
4,40,What's my name of 40?,,Sheila,,1,set1,1
5,50,What's my name of 50?,,Sheila,,1,set1,1
6,10,What's my name of 10?,,Sheila,,2,set2,1
7,20,What's my name of 20?,,Sheila,,2,set2,1
8,30,What's my name of 30?,,Sheila,,2,set2,1
9,40,What's my name of 40?,,Sheila,,2,set2,1
10,50,What's my name of 50?,,Sheila,,2,set2,1
11,10,What's my name of 50?,,Sheila,,3,set3,1
12,20,What's my name of 50?,,Sheila,,3,set3,1
13,30,What's my name of 50?,,Sheila,,3,set3,1
14,40,What's my name of 50?,,Sheila,,3,set3,1
15,50,What's my name of 50?,,Sheila,,3,set3,1
16,10,What's my name of 50?,,Sheila,,4,set4,1
17,20,What's my name of 50?,,Sheila,,4,set4,1
18,30,What's my name of 50?,,Sheila,,4,set4,1
19,40,What's my name of 50?,,Sheila,,4,set4,1
20,50,What's my name of 50?,,Sheila,,4,set4,1
21,10,What's my name of 50?,,Sheila,,5,set5,1
22,20,What's my name of 50?,,Sheila,,5,set5,1
23,30,What's my name of 50?,,Sheila,,5,set5,1
24,40,What's my name of 50?,,Sheila,,5,set5,1
25,50,What's my name of 50?,,Sheila,,5,set5,1
26,10,What's my name of 50?,,Sheila,,6,set1,2
27,20,What's my name of 50?,,Sheila,,6,set1,2
28,30,What's my name of 50?,,Sheila,,6,set1,2
29,40,What's my name of 50?,,Sheila,,6,set1,2
30,50,What's my name of 50?,,Sheila,,6,set1,2
31,10,What's my name of 50?,,Sheila,,7,set2,2
32,20,What's my name of 50?,,Sheila,,7,set2,2
33,30,What's my name of 50?,,Sheila,,7,set2,2
34,40,What's my name of 50?,,Sheila,,7,set2,2
35,50,What's my name of 50?,,Sheila,,7,set2,2
36,10,What's my name of 50?,,Sheila,,8,set3,2
37,20,What's my name of 50?,,Sheila,,8,set3,2
38,30,What's my name of 50?,,Sheila,,8,set3,2
39,40,What's my name of 50?,,Sheila,,8,set3,2
40,50,What's my name of 50?,,Sheila,,8,set3,2
41,10,What's my name of 50?,,Sheila,,9,set4,2
42,20,What's my name of 50?,,Sheila,,9,set4,2
43,30,What's my name of 50?,,Sheila,,9,set4,2
44,40,What's my name of 50?,,Sheila,,9,set4,2
45,50,What's my name of 50?,,Sheila,,9,set4,2
46,10,What's my name of 50?,,Sheila,,10,set5,2
47,20,What's my name of 50?,,Sheila,,10,set5,2
48,30,What's my name of 50?,,Sheila,,10,set5,2
49,40,What's my name of 50?,,Sheila,,10,set5,2
50,50,What's my name of 50?,,Sheila,,10,set5,2
